store,cs_label,workload,size,edits,retention,readers,ok,p50_ms,p90_ms,p99_ms,max_ms,copied_total,meta_total,live_delta,reader_mbs,label,final_hash,logical_bytes,physical_bytes,sharing_ratio,maint_copied,cold_ok,coalesce,locality,edit_size
chunked,65536K,W6,16777216,150,8,0,1,0.0055,0.0153,0.0356,0.0403,150,0,16839582,0.0,p215,444725c2218af158,150996266,16848230,8.96,0,-1,none,append,1
flat,-,W6,16777216,150,8,0,1,5.9035,6.7197,7.1923,7.2622,2516593725,4800,134219164,0.0,p215,444725c2218af158,150996266,134218900,1.13,0,-1,none,append,1
chunked,65536K,W6,16777216,150,8,0,1,0.0108,0.0188,0.0378,0.0595,150,0,16839582,0.0,p215,b506fdca674c88a2,150996266,16848230,8.96,0,-1,none,middle,1
flat,-,W6,16777216,150,8,0,1,6.3582,8.2295,10.9170,11.1816,2516593725,4800,134219164,0.0,p215,b506fdca674c88a2,150996266,134218900,1.13,0,-1,none,middle,1
chunked,65536K,W6,16777216,150,8,0,1,0.0110,0.0194,0.0303,0.0338,150,0,16858206,0.0,p215,45604496a241a622,150996266,16864582,8.95,0,-1,none,random,1
flat,-,W6,16777216,150,8,0,1,6.6529,9.8051,18.2364,19.3519,2516593725,4800,134219164,0.0,p215,45604496a241a622,150996266,134218900,1.13,0,-1,none,random,1
chunked,65536K,W6,16777216,150,8,0,1,0.0169,0.0260,0.1288,4.9373,150,0,16858206,0.0,p215,fd2ed77a8f91b49e,150996266,16864582,8.95,0,-1,none,hot,1
flat,-,W6,16777216,150,8,0,1,9.8406,19.7738,27.1633,27.3323,2516593725,4800,134219164,0.0,p215,fd2ed77a8f91b49e,150996266,134218900,1.13,0,-1,none,hot,1
chunked,65536K,W6,16777216,150,8,0,1,0.0053,0.0144,0.0276,0.0426,1200,0,16840632,0.0,p215,7d65cb35733d83d4,151005520,16849280,8.96,0,-1,none,append,10
flat,-,W6,16777216,150,8,0,1,6.7119,10.5276,14.7225,18.9436,2516673000,4800,134227368,0.0,p215,7d65cb35733d83d4,151005520,134227104,1.13,0,-1,none,append,10
chunked,65536K,W6,16777216,150,8,0,1,0.0155,0.0246,0.0440,0.0536,1200,0,16859128,0.0,p215,ee15ef26aeb20a24,151005520,16865520,8.95,0,-1,none,middle,10
flat,-,W6,16777216,150,8,0,1,7.9098,17.7336,25.2586,31.1522,2516673000,4800,134227368,0.0,p215,ee15ef26aeb20a24,151005520,134227104,1.13,0,-1,none,middle,10
chunked,65536K,W6,16777216,150,8,0,1,0.0151,0.0223,0.0605,0.0813,1200,0,16859256,0.0,p215,9da67b186d5fb124,151005520,16865632,8.95,0,-1,none,random,10
flat,-,W6,16777216,150,8,0,1,6.6350,8.1665,10.1069,11.0574,2516673000,4800,134227368,0.0,p215,9da67b186d5fb124,151005520,134227104,1.13,0,-1,none,random,10
chunked,65536K,W6,16777216,150,8,0,1,0.0163,0.0232,0.1195,2.6483,1200,0,16858744,0.0,p215,a15504525c5c90ac,151005520,16865184,8.95,0,-1,none,hot,10
flat,-,W6,16777216,150,8,0,1,7.2191,9.6758,14.3460,15.7931,2516673000,4800,134227368,0.0,p215,a15504525c5c90ac,151005520,134227104,1.13,0,-1,none,hot,10
chunked,65536K,W6,16777216,150,8,0,1,0.0057,0.0159,0.0302,0.3785,1200,0,16840632,0.0,p215,7d65cb35733d83d4,151005520,16849280,8.96,0,-1,none,append,100
flat,-,W6,16777216,150,8,0,1,7.3963,11.7871,19.7019,19.9703,2516673000,4800,134227368,0.0,p215,7d65cb35733d83d4,151005520,134227104,1.13,0,-1,none,append,100
chunked,65536K,W6,16777216,150,8,0,1,0.0144,0.0206,0.0280,0.0318,1200,0,16859128,0.0,p215,ee15ef26aeb20a24,151005520,16865520,8.95,0,-1,none,middle,100
flat,-,W6,16777216,150,8,0,1,8.1600,17.3146,24.0869,26.3946,2516673000,4800,134227368,0.0,p215,ee15ef26aeb20a24,151005520,134227104,1.13,0,-1,none,middle,100
chunked,65536K,W6,16777216,150,8,0,1,0.0166,0.0230,0.0777,0.0921,1200,0,16859256,0.0,p215,9da67b186d5fb124,151005520,16865632,8.95,0,-1,none,random,100
flat,-,W6,16777216,150,8,0,1,7.5845,15.0998,22.7500,24.5071,2516673000,4800,134227368,0.0,p215,9da67b186d5fb124,151005520,134227104,1.13,0,-1,none,random,100
chunked,65536K,W6,16777216,150,8,0,1,0.0169,0.0281,0.2595,0.2698,1200,0,16858744,0.0,p215,a15504525c5c90ac,151005520,16865184,8.95,0,-1,none,hot,100
flat,-,W6,16777216,150,8,0,1,7.1142,10.0937,21.2111,21.9006,2516673000,4800,134227368,0.0,p215,a15504525c5c90ac,151005520,134227104,1.13,0,-1,none,hot,100
chunked,65536K,W6,16777216,150,8,0,1,0.0056,0.0134,0.0265,0.0352,1200,0,16840632,0.0,p215,7d65cb35733d83d4,151005520,16849280,8.96,0,-1,none,append,1024
flat,-,W6,16777216,150,8,0,1,7.0799,12.6313,16.1161,16.1260,2516673000,4800,134227368,0.0,p215,7d65cb35733d83d4,151005520,134227104,1.13,0,-1,none,append,1024
chunked,65536K,W6,16777216,150,8,0,1,0.0143,0.0236,0.0510,0.0525,1200,0,16859128,0.0,p215,ee15ef26aeb20a24,151005520,16865520,8.95,0,-1,none,middle,1024
flat,-,W6,16777216,150,8,0,1,6.2317,7.1323,8.5518,9.1325,2516673000,4800,134227368,0.0,p215,ee15ef26aeb20a24,151005520,134227104,1.13,0,-1,none,middle,1024
chunked,65536K,W6,16777216,150,8,0,1,0.0153,0.0259,0.2628,0.5249,1200,0,16859256,0.0,p215,9da67b186d5fb124,151005520,16865632,8.95,0,-1,none,random,1024
flat,-,W6,16777216,150,8,0,1,9.3361,30.3680,56.0990,88.8952,2516673000,4800,134227368,0.0,p215,9da67b186d5fb124,151005520,134227104,1.13,0,-1,none,random,1024
chunked,65536K,W6,16777216,150,8,0,1,0.0144,0.0245,0.0472,0.0646,1200,0,16858744,0.0,p215,a15504525c5c90ac,151005520,16865184,8.95,0,-1,none,hot,1024
flat,-,W6,16777216,150,8,0,1,6.6613,11.0218,18.8250,22.7936,2516673000,4800,134227368,0.0,p215,a15504525c5c90ac,151005520,134227104,1.13,0,-1,none,hot,1024
chunked,65536K,W6,16777216,150,8,0,1,0.0055,0.0153,0.0239,0.0256,1200,0,16840632,0.0,p215,7d65cb35733d83d4,151005520,16849280,8.96,0,-1,none,append,10240
flat,-,W6,16777216,150,8,0,1,7.5213,9.6976,13.7270,14.1055,2516673000,4800,134227368,0.0,p215,7d65cb35733d83d4,151005520,134227104,1.13,0,-1,none,append,10240
chunked,65536K,W6,16777216,150,8,0,1,0.0146,0.0254,0.0598,0.0653,1200,0,16859128,0.0,p215,ee15ef26aeb20a24,151005520,16865520,8.95,0,-1,none,middle,10240
flat,-,W6,16777216,150,8,0,1,6.5260,8.6046,16.0659,19.4404,2516673000,4800,134227368,0.0,p215,ee15ef26aeb20a24,151005520,134227104,1.13,0,-1,none,middle,10240
chunked,65536K,W6,16777216,150,8,0,1,0.0150,0.0222,0.0530,0.0773,1200,0,16859256,0.0,p215,9da67b186d5fb124,151005520,16865632,8.95,0,-1,none,random,10240
flat,-,W6,16777216,150,8,0,1,6.9844,8.3146,13.5669,16.0316,2516673000,4800,134227368,0.0,p215,9da67b186d5fb124,151005520,134227104,1.13,0,-1,none,random,10240
chunked,65536K,W6,16777216,150,8,0,1,0.0132,0.0233,0.0483,0.0585,1200,0,16858744,0.0,p215,a15504525c5c90ac,151005520,16865184,8.95,0,-1,none,hot,10240
flat,-,W6,16777216,150,8,0,1,6.5596,10.0473,13.6763,13.8609,2516673000,4800,134227368,0.0,p215,a15504525c5c90ac,151005520,134227104,1.13,0,-1,none,hot,10240
chunked,65536K,W6,16777216,150,8,0,1,0.0056,0.0137,0.0227,0.0247,1200,0,16840632,0.0,p215,7d65cb35733d83d4,151005520,16849280,8.96,0,-1,none,append,102400
flat,-,W6,16777216,150,8,0,1,8.5934,25.1303,41.3752,50.1270,2516673000,4800,134227368,0.0,p215,7d65cb35733d83d4,151005520,134227104,1.13,0,-1,none,append,102400
chunked,65536K,W6,16777216,150,8,0,1,0.0177,0.0257,0.0674,0.1021,1200,0,16859128,0.0,p215,ee15ef26aeb20a24,151005520,16865520,8.95,0,-1,none,middle,102400
flat,-,W6,16777216,150,8,0,1,9.9771,35.7602,60.2153,67.4263,2516673000,4800,134227368,0.0,p215,ee15ef26aeb20a24,151005520,134227104,1.13,0,-1,none,middle,102400
chunked,65536K,W6,16777216,150,8,0,1,0.0167,0.0253,0.0428,0.2036,1200,0,16859256,0.0,p215,9da67b186d5fb124,151005520,16865632,8.95,0,-1,none,random,102400
flat,-,W6,16777216,150,8,0,1,6.4849,8.2877,11.7200,12.5980,2516673000,4800,134227368,0.0,p215,9da67b186d5fb124,151005520,134227104,1.13,0,-1,none,random,102400
chunked,65536K,W6,16777216,150,8,0,1,0.0152,0.0261,0.0576,2.6631,1200,0,16858744,0.0,p215,a15504525c5c90ac,151005520,16865184,8.95,0,-1,none,hot,102400
flat,-,W6,16777216,150,8,0,1,6.3276,7.7638,10.3266,11.9966,2516673000,4800,134227368,0.0,p215,a15504525c5c90ac,151005520,134227104,1.13,0,-1,none,hot,102400
chunked,65536K,W1,10485760,300,16,0,1,0.0131,0.0215,0.0405,0.0599,3995,0,10668019,0.0,p215,a54a8354d51c14b2,178279800,10682203,16.69,0,-1,none,-,0
chunked,65536K,W1,10485760,300,16,0,1,0.0405,0.0961,0.7504,2.1651,6982777,0,17591014,0.0,p215,a54a8354d51c14b2,178279800,17608366,10.12,0,-1,local,-,0
chunked,65536K,W1,10485760,300,16,0,1,0.0115,0.0151,1.7759,3.2552,3995,0,10689000,0.0,p215,a54a8354d51c14b2,178279800,10710576,16.65,901253,-1,deferred,-,0
chunked,65536K,W1,10485760,300,16,0,1,0.0134,0.0174,0.0720,0.7770,3995,0,10822805,0.0,p215,a54a8354d51c14b2,178279800,10842317,16.44,643284,-1,deferred,-,0
chunked,65536K,W1,10485760,300,16,0,1,0.0149,0.0265,0.5755,2.8255,3995,0,11295551,0.0,p215,a54a8354d51c14b2,178279800,11309687,15.76,616588,-1,deferred,-,0
chunked,65536K,W1,10485760,300,16,0,1,0.0157,0.0235,0.0522,1.1259,3995,0,10668019,0.0,p215,a54a8354d51c14b2,178279800,10682203,16.69,0,-1,deferred,-,0
