store,cs_label,workload,size,edits,retention,readers,ok,p50_ms,p90_ms,p99_ms,max_ms,copied_total,meta_total,live_delta,reader_mbs,label,final_hash,logical_bytes,physical_bytes,sharing_ratio,maint_copied,cold_ok
flat,-,W1,1048576,300,16,0,1,0.4043,0.5095,0.9293,3.2146,314810995,9600,16798339,0.0,p215,c527403b08c3e836,17847672,16797819,1.06,0,-1
chunked,65536K,W1,1048576,300,16,0,1,0.0049,0.0111,0.0195,0.0829,3995,0,1190515,0.0,p215,c527403b08c3e836,17847672,1204699,14.82,0,-1
chunked,65536K,W1,1048576,300,16,0,1,0.0181,0.0443,0.0753,0.2817,6982777,0,8113510,0.0,p215,c527403b08c3e836,17847672,8130862,2.20,0,-1
chunked,65536K,W1,1048576,300,16,0,1,0.0015,0.0046,0.0108,0.0553,3995,0,1209192,0.0,p215,c527403b08c3e836,17847672,1230768,14.50,927949,-1
flat,-,W1,1024,2000,1,0,1,0.0004,0.0006,0.0012,0.0265,8341819,64000,7002,0.0,p215,c0286964e7f08c92,13924,6962,2.00,0,-1
chunked,4096K,W1,1024,2000,1,0,1,0.0053,0.0098,0.0188,0.1999,25111,0,42325,0.0,p215,c0286964e7f08c92,13924,188765,0.07,0,-1
chunked,65536K,W1,1024,2000,1,0,1,0.0062,0.0088,0.0164,0.0588,25111,0,42325,0.0,p215,c0286964e7f08c92,13924,188765,0.07,0,-1
flat,-,W1,1024,2000,4,0,1,0.0006,0.0008,0.0040,0.0497,8341819,64000,28020,0.0,p215,c0286964e7f08c92,34846,27884,1.25,0,-1
chunked,4096K,W1,1024,2000,4,0,1,0.0068,0.0135,0.0476,1.8805,25111,0,82960,0.0,p215,c0286964e7f08c92,34846,229016,0.15,0,-1
chunked,65536K,W1,1024,2000,4,0,1,0.0081,0.0124,0.0299,0.3768,25111,0,82960,0.0,p215,c0286964e7f08c92,34846,229016,0.15,0,-1
flat,-,W1,1024,2000,16,0,1,0.0006,0.0009,0.0062,0.2095,8341819,64000,111522,0.0,p215,c0286964e7f08c92,117964,111002,1.06,0,-1
chunked,4096K,W1,1024,2000,16,0,1,0.0071,0.0138,0.0507,1.5916,25111,0,243995,0.0,p215,c0286964e7f08c92,117964,388659,0.30,0,-1
chunked,65536K,W1,1024,2000,16,0,1,0.0077,0.0123,0.0341,0.8820,25111,0,243995,0.0,p215,c0286964e7f08c92,117964,388659,0.30,0,-1
flat,-,W2,1024,2000,1,0,1,0.0004,0.0006,0.0011,1.4697,4049000,64000,3064,0.0,p215,1e563f9b1c9a800f,6048,3024,2.00,0,-1
chunked,4096K,W2,1024,2000,1,0,1,0.0125,0.0218,0.0736,1.8536,2000,0,86336,0.0,p215,1e563f9b1c9a800f,6048,211064,0.03,0,-1
chunked,65536K,W2,1024,2000,1,0,1,0.0159,0.0258,0.0443,0.6324,2000,0,86336,0.0,p215,1e563f9b1c9a800f,6048,211064,0.03,0,-1
flat,-,W2,1024,2000,4,0,1,0.0005,0.0006,0.0012,0.0151,4049000,64000,12226,0.0,p215,1e563f9b1c9a800f,15114,12090,1.25,0,-1
chunked,4096K,W2,1024,2000,4,0,1,0.0136,0.0385,0.0982,1.9674,2000,0,191936,0.0,p215,1e563f9b1c9a800f,15114,316328,0.05,0,-1
chunked,65536K,W2,1024,2000,4,0,1,0.0167,0.0356,0.0611,0.5817,2000,0,191936,0.0,p215,1e563f9b1c9a800f,15114,316328,0.05,0,-1
flat,-,W2,1024,2000,16,0,1,0.0005,0.0006,0.0026,0.1518,4049000,64000,48784,0.0,p215,1e563f9b1c9a800f,51288,48264,1.06,0,-1
chunked,4096K,W2,1024,2000,16,0,1,0.0151,0.0254,0.0419,0.1888,2000,0,612720,0.0,p215,1e563f9b1c9a800f,51288,735800,0.07,0,-1
chunked,65536K,W2,1024,2000,16,0,1,0.0167,0.0266,0.0425,0.1363,2000,0,612720,0.0,p215,1e563f9b1c9a800f,51288,735800,0.07,0,-1
flat,-,W1,4096,2000,1,0,1,0.0008,0.0011,0.0053,0.4314,14375720,64000,9977,0.0,p215,2327a13854c1750a,19874,9937,2.00,0,-1
chunked,4096K,W1,4096,2000,1,0,1,0.0110,0.0174,0.0311,0.1536,25111,0,60971,0.0,p215,2327a13854c1750a,19874,201779,0.10,0,-1
chunked,65536K,W1,4096,2000,1,0,1,0.0103,0.0154,0.0284,0.1845,25111,0,60971,0.0,p215,2327a13854c1750a,19874,201779,0.10,0,-1
flat,-,W1,4096,2000,4,0,1,0.0008,0.0010,0.0073,0.0650,14375720,64000,39920,0.0,p215,2327a13854c1750a,49721,39784,1.25,0,-1
chunked,4096K,W1,4096,2000,4,0,1,0.0115,0.0170,0.0320,0.2786,25111,0,118504,0.0,p215,2327a13854c1750a,49721,258912,0.19,0,-1
chunked,65536K,W1,4096,2000,4,0,1,0.0100,0.0138,0.0294,0.4210,25111,0,118504,0.0,p215,2327a13854c1750a,49721,258912,0.19,0,-1
flat,-,W1,4096,2000,16,0,1,0.0007,0.0008,0.0047,0.0178,14375720,64000,159122,0.0,p215,2327a13854c1750a,168539,158602,1.06,0,-1
chunked,4096K,W1,4096,2000,16,0,1,0.0103,0.0154,0.0487,0.4080,25111,0,347445,0.0,p215,2327a13854c1750a,168539,486413,0.35,0,-1
chunked,65536K,W1,4096,2000,16,0,1,0.0115,0.0183,0.0399,0.1468,25111,0,347445,0.0,p215,2327a13854c1750a,168539,486413,0.35,0,-1
flat,-,W2,4096,2000,1,0,1,0.0006,0.0008,0.0026,0.0597,10193000,64000,6136,0.0,p215,8f63a2c5feff9b74,12192,6096,2.00,0,-1
chunked,4096K,W2,4096,2000,1,0,1,0.0151,0.0300,0.0574,0.3111,2000,0,91088,0.0,p215,8f63a2c5feff9b74,12192,214136,0.06,0,-1
chunked,65536K,W2,4096,2000,1,0,1,0.0158,0.0291,0.0516,0.2958,2000,0,91088,0.0,p215,8f63a2c5feff9b74,12192,214136,0.06,0,-1
flat,-,W2,4096,2000,4,0,1,0.0007,0.0010,0.0015,0.0174,10193000,64000,24514,0.0,p215,8f63a2c5feff9b74,30474,24378,1.25,0,-1
chunked,4096K,W2,4096,2000,4,0,1,0.0167,0.0288,0.0527,0.2690,2000,0,201728,0.0,p215,8f63a2c5feff9b74,30474,324440,0.09,0,-1
chunked,65536K,W2,4096,2000,4,0,1,0.0161,0.0433,0.0640,0.9840,2000,0,201728,0.0,p215,8f63a2c5feff9b74,30474,324440,0.09,0,-1
flat,-,W2,4096,2000,16,0,1,0.0006,0.0010,0.0028,0.0284,10193000,64000,97936,0.0,p215,8f63a2c5feff9b74,103512,97416,1.06,0,-1
chunked,4096K,W2,4096,2000,16,0,1,0.0150,0.0291,0.0464,0.0902,2000,0,642720,0.0,p215,8f63a2c5feff9b74,103512,764104,0.14,0,-1
chunked,65536K,W2,4096,2000,16,0,1,0.0148,0.0311,0.0496,0.1378,2000,0,642720,0.0,p215,8f63a2c5feff9b74,103512,764104,0.14,0,-1
flat,-,W1,16384,2000,1,0,1,0.0097,0.0142,0.0267,0.0768,38948897,64000,22262,0.0,p215,7a1a53408d968280,44444,22222,2.00,0,-1
chunked,4096K,W1,16384,2000,1,0,1,0.0152,0.0262,0.0430,0.2130,25111,0,100411,0.0,p215,7a1a53408d968280,44444,226851,0.20,0,-1
chunked,65536K,W1,16384,2000,1,0,1,0.0145,0.0258,0.0420,0.3055,25111,0,100323,0.0,p215,7a1a53408d968280,44444,226731,0.20,0,-1
flat,-,W1,16384,2000,4,0,1,0.0114,0.0165,0.0305,0.1039,38948897,64000,89060,0.0,p215,7a1a53408d968280,111146,88924,1.25,0,-1
chunked,4096K,W1,16384,2000,4,0,1,0.0149,0.0326,0.0539,0.7108,25111,0,201153,0.0,p215,7a1a53408d968280,111146,327209,0.34,0,-1
chunked,65536K,W1,16384,2000,4,0,1,0.0148,0.0330,0.0530,0.0929,25111,0,201017,0.0,p215,7a1a53408d968280,111146,327041,0.34,0,-1
flat,-,W1,16384,2000,16,0,1,0.0013,0.0027,0.0120,0.0259,38948897,64000,355682,0.0,p215,7a1a53408d968280,377384,355162,1.06,0,-1
chunked,4096K,W1,16384,2000,16,0,1,0.0151,0.0278,0.0531,0.2971,25111,0,602402,0.0,p215,7a1a53408d968280,377384,727146,0.52,0,-1
chunked,65536K,W1,16384,2000,16,0,1,0.0149,0.0264,0.0538,0.1978,25111,0,602074,0.0,p215,7a1a53408d968280,377384,726786,0.52,0,-1
flat,-,W2,16384,2000,1,0,1,0.0087,0.0129,0.0221,0.0924,34769000,64000,18424,0.0,p215,ca5868c223001b73,36768,18384,2.00,0,-1
chunked,4096K,W2,16384,2000,1,0,1,0.0164,0.0298,0.0496,2.7357,2000,0,104552,0.0,p215,ca5868c223001b73,36768,226544,0.16,0,-1
chunked,65536K,W2,16384,2000,1,0,1,0.0152,0.0373,0.0645,0.1996,2000,0,104432,0.0,p215,ca5868c223001b73,36768,226424,0.16,0,-1
flat,-,W2,16384,2000,4,0,1,0.0096,0.0140,0.0292,0.0897,34769000,64000,73666,0.0,p215,ca5868c223001b73,91914,73530,1.25,0,-1
chunked,4096K,W2,16384,2000,4,0,1,0.0164,0.0374,0.0573,0.1108,2000,0,218504,0.0,p215,ca5868c223001b73,91914,340160,0.27,0,-1
chunked,65536K,W2,16384,2000,4,0,1,0.0143,0.0244,0.0338,0.3994,2000,0,218240,0.0,p215,ca5868c223001b73,91914,339896,0.27,0,-1
flat,-,W2,16384,2000,16,0,1,0.0011,0.0022,0.0112,0.0233,34769000,64000,294544,0.0,p215,ca5868c223001b73,312408,294024,1.06,0,-1
chunked,4096K,W2,16384,2000,16,0,1,0.0146,0.0252,0.0390,0.1297,2000,0,672696,0.0,p215,ca5868c223001b73,312408,793040,0.39,0,-1
chunked,65536K,W2,16384,2000,16,0,1,0.0151,0.0281,0.0416,0.0777,2000,0,671856,0.0,p215,ca5868c223001b73,312408,792200,0.39,0,-1
flat,-,W1,65536,2000,1,0,1,0.0369,0.0519,0.0784,0.2357,137252897,64000,71414,0.0,p215,43e699dcf691386b,142748,71374,2.00,0,-1
chunked,4096K,W1,65536,2000,1,0,1,0.0175,0.0484,0.0683,0.2527,25111,0,169289,0.0,p215,43e699dcf691386b,142748,281953,0.51,0,-1
chunked,65536K,W1,65536,2000,1,0,1,0.0175,0.0395,0.0629,0.2312,25111,0,168753,0.0,p215,43e699dcf691386b,142748,281353,0.51,0,-1
flat,-,W1,65536,2000,4,0,1,0.0363,0.0525,0.0809,0.3256,137252897,64000,285668,0.0,p215,43e699dcf691386b,356906,285532,1.25,0,-1
chunked,4096K,W1,65536,2000,4,0,1,0.0187,0.0359,0.0575,0.1786,25111,0,311785,0.0,p215,43e699dcf691386b,356906,424129,0.84,0,-1
chunked,65536K,W1,65536,2000,4,0,1,0.0208,0.0525,0.2557,3.6772,25111,0,310721,0.0,p215,43e699dcf691386b,356906,423001,0.84,0,-1
flat,-,W1,65536,2000,16,0,1,0.0049,0.0072,0.0347,0.9473,137252897,64000,1142114,0.0,p215,43e699dcf691386b,1212968,1141594,1.06,0,-1
chunked,4096K,W1,65536,2000,16,0,1,0.0189,0.0371,0.1032,1.3771,25111,0,879985,0.0,p215,43e699dcf691386b,1212968,991033,1.22,0,-1
chunked,65536K,W1,65536,2000,16,0,1,0.0188,0.0306,0.1424,3.2199,25111,0,876809,0.0,p215,43e699dcf691386b,1212968,987793,1.23,0,-1
flat,-,W2,65536,2000,1,0,1,0.0369,0.0547,0.2192,1.5887,133073000,64000,67576,0.0,p215,e526fddb5f5d04a8,135072,67536,2.00,0,-1
chunked,4096K,W2,65536,2000,1,0,1,0.0140,0.0302,0.0561,0.3241,2000,0,154504,0.0,p215,e526fddb5f5d04a8,135072,276176,0.49,0,-1
chunked,65536K,W2,65536,2000,1,0,1,0.0190,0.0312,0.0543,0.5185,2000,0,153904,0.0,p215,e526fddb5f5d04a8,135072,275576,0.49,0,-1
flat,-,W2,65536,2000,4,0,1,0.0431,0.0571,0.0917,0.5850,133073000,64000,270274,0.0,p215,e526fddb5f5d04a8,337674,270138,1.25,0,-1
chunked,4096K,W2,65536,2000,4,0,1,0.0166,0.0294,0.0434,0.1539,2000,0,269992,0.0,p215,e526fddb5f5d04a8,337674,391328,0.86,0,-1
chunked,65536K,W2,65536,2000,4,0,1,0.0141,0.0322,0.0460,0.1084,2000,0,268672,0.0,p215,e526fddb5f5d04a8,337674,390008,0.87,0,-1
flat,-,W2,65536,2000,16,0,1,0.0044,0.0085,0.0403,0.1429,133073000,64000,1080976,0.0,p215,e526fddb5f5d04a8,1147992,1080456,1.06,0,-1
chunked,4096K,W2,65536,2000,16,0,1,0.0156,0.0274,0.0441,0.1531,2000,0,730328,0.0,p215,e526fddb5f5d04a8,1147992,850352,1.35,0,-1
chunked,65536K,W2,65536,2000,16,0,1,0.0140,0.0303,0.0438,0.1425,2000,0,726128,0.0,p215,e526fddb5f5d04a8,1147992,846152,1.36,0,-1
flat,-,W1,262144,2000,1,0,1,0.1038,0.1343,0.1891,0.4141,530468897,64000,268022,0.0,p215,fb05826182115c23,535964,267982,2.00,0,-1
chunked,4096K,W1,262144,2000,1,0,1,0.0200,0.0346,0.0539,0.3103,25111,0,373370,0.0,p215,fb05826182115c23,535964,481730,1.11,0,-1
chunked,65536K,W1,262144,2000,1,0,1,0.0185,0.0372,0.0499,0.0802,25111,0,371034,0.0,p215,fb05826182115c23,535964,479330,1.12,0,-1
flat,-,W1,262144,2000,4,0,1,0.1030,0.1301,0.1806,0.4276,530468897,64000,1072100,0.0,p215,fb05826182115c23,1339946,1071964,1.25,0,-1
chunked,4096K,W1,262144,2000,4,0,1,0.0216,0.0371,0.0578,0.1897,25111,0,531114,0.0,p215,fb05826182115c23,1339946,639138,2.10,0,-1
chunked,65536K,W1,262144,2000,4,0,1,0.0184,0.0339,0.0503,0.1827,25111,0,526058,0.0,p215,fb05826182115c23,1339946,634034,2.11,0,-1
flat,-,W1,262144,2000,16,0,1,0.0219,0.0402,0.1129,0.2425,530468897,64000,4287842,0.0,p215,fb05826182115c23,4555304,4287322,1.06,0,-1
chunked,4096K,W1,262144,2000,16,0,1,0.0163,0.0333,0.0520,0.5125,25111,0,1159770,0.0,p215,fb05826182115c23,4555304,1266562,3.60,0,-1
chunked,65536K,W1,262144,2000,16,0,1,0.0190,0.0322,0.0512,0.1573,25111,0,1143770,0.0,p215,fb05826182115c23,4555304,1250514,3.64,0,-1
flat,-,W2,262144,2000,1,0,1,0.0989,0.1340,0.2015,0.3949,526289000,64000,264184,0.0,p215,7c45fdae6e71d59c,528288,264144,2.00,0,-1
chunked,4096K,W2,262144,2000,1,0,1,0.0122,0.0241,0.0355,0.1466,2000,0,353080,0.0,p215,7c45fdae6e71d59c,528288,474704,1.11,0,-1
chunked,65536K,W2,262144,2000,1,0,1,0.0100,0.0208,0.0335,0.1589,2000,0,350680,0.0,p215,7c45fdae6e71d59c,528288,472304,1.12,0,-1
flat,-,W2,262144,2000,4,0,1,0.0862,0.1194,0.1702,0.4681,526289000,64000,1056706,0.0,p215,7c45fdae6e71d59c,1320714,1056570,1.25,0,-1
chunked,4096K,W2,262144,2000,4,0,1,0.0136,0.0253,0.0423,0.3139,2000,0,471016,0.0,p215,7c45fdae6e71d59c,1320714,592304,2.23,0,-1
chunked,65536K,W2,262144,2000,4,0,1,0.0179,0.0342,0.0585,1.4636,2000,0,465736,0.0,p215,7c45fdae6e71d59c,1320714,587024,2.25,0,-1
flat,-,W2,262144,2000,16,0,1,0.0359,0.0626,0.1131,1.1235,526289000,64000,4226704,0.0,p215,7c45fdae6e71d59c,4490328,4226184,1.06,0,-1
chunked,4096K,W2,262144,2000,16,0,1,0.0168,0.0310,0.0490,0.4114,2000,0,941144,0.0,p215,7c45fdae6e71d59c,4490328,1061120,4.23,0,-1
chunked,65536K,W2,262144,2000,16,0,1,0.0152,0.0289,0.0483,0.1645,2000,0,924344,0.0,p215,7c45fdae6e71d59c,4490328,1044320,4.30,0,-1
flat,-,W1,1048576,300,1,0,1,0.4392,0.5630,0.7442,0.9245,314810995,9600,1049893,0.0,p215,c527403b08c3e836,2099706,1049853,2.00,0,-1
chunked,65536K,W1,1048576,300,1,0,1,0.0041,0.0085,0.0171,0.0281,3995,0,1066419,0.0,p215,c527403b08c3e836,2099706,1082155,1.94,0,-1
flat,-,W1,1048576,300,8,0,1,0.3725,0.4826,0.6782,0.7130,314810995,9600,8399051,0.0,p215,c527403b08c3e836,9448640,8398787,1.13,0,-1
chunked,65536K,W1,1048576,300,8,0,1,0.0048,0.0102,0.0198,0.0329,3995,0,1124995,0.0,p215,c527403b08c3e836,9448640,1139995,8.29,0,-1
flat,-,W1,1048576,300,64,0,1,0.3612,0.4371,0.5637,0.6361,314810995,9600,67187442,0.0,p215,c527403b08c3e836,68235239,67185386,1.02,0,-1
chunked,65536K,W1,1048576,300,64,0,1,0.0054,0.0123,0.0299,0.0417,3995,0,1544867,0.0,p215,c527403b08c3e836,68235239,1554299,43.90,0,-1
flat,-,W5,1048576,300,1,0,1,0.3680,0.4860,0.5740,0.5969,317778165,9600,1069531,0.0,p215,e182923e248ce895,2138982,1069491,2.00,0,-1
chunked,65536K,W5,1048576,300,1,0,1,0.0030,0.0082,0.0225,0.0863,40651,0,1100317,0.0,p215,e182923e248ce895,2138982,1118037,1.91,0,-1
flat,-,W5,1048576,300,8,0,1,0.3796,0.4557,0.6469,0.8652,317778165,9600,8554363,0.0,p215,e182923e248ce895,9623590,8554099,1.13,0,-1
chunked,65536K,W5,1048576,300,8,0,1,0.0037,0.0104,0.0226,0.0302,40651,0,1144829,0.0,p215,e182923e248ce895,9623590,1161861,8.28,0,-1
flat,-,W5,1048576,300,64,0,1,0.3774,0.4938,0.7545,1.5544,317778165,9600,68321359,0.0,p215,e182923e248ce895,69388794,68319303,1.02,0,-1
chunked,65536K,W5,1048576,300,64,0,1,0.0045,0.0133,0.0346,0.0434,40651,0,1469824,0.0,p215,e182923e248ce895,69388794,1480744,46.86,0,-1
flat,-,W1,4194304,300,1,0,1,1.5677,2.3585,3.7777,4.4398,1258529395,9600,4195621,0.0,p215,9a8d4077892bf8a,8391162,4195581,2.00,0,-1
chunked,65536K,W1,4194304,300,1,0,1,0.0083,0.0158,0.0638,0.0988,3995,0,4214067,0.0,p215,9a8d4077892bf8a,8391162,4229803,1.98,0,-1
flat,-,W1,4194304,300,8,0,1,1.5848,1.8795,2.2226,2.4236,1258529395,9600,33564875,0.0,p215,9a8d4077892bf8a,37760192,33564611,1.13,0,-1
chunked,65536K,W1,4194304,300,8,0,1,0.0077,0.0146,0.0268,0.1127,3995,0,4278019,0.0,p215,9a8d4077892bf8a,37760192,4293019,8.80,0,-1
flat,-,W1,4194304,300,64,0,1,1.7605,2.2681,3.5441,3.6721,1258529395,9600,268514034,0.0,p215,9a8d4077892bf8a,272707559,268511978,1.02,0,-1
chunked,65536K,W1,4194304,300,64,0,1,0.0103,0.0221,0.0723,0.5162,3995,0,4740899,0.0,p215,9a8d4077892bf8a,272707559,4750331,57.41,0,-1
flat,-,W5,4194304,300,1,0,1,1.6325,2.0359,2.2457,2.2558,1261496565,9600,4215259,0.0,p215,77dc2c037691a0bb,8430438,4215219,2.00,0,-1
chunked,65536K,W5,4194304,300,1,0,1,0.0048,0.0119,0.0224,0.0288,40651,0,4247965,0.0,p215,77dc2c037691a0bb,8430438,4265685,1.98,0,-1
flat,-,W5,4194304,300,8,0,1,1.4205,1.7004,1.9589,2.1020,1261496565,9600,33720187,0.0,p215,77dc2c037691a0bb,37935142,33719923,1.13,0,-1
chunked,65536K,W5,4194304,300,8,0,1,0.0059,0.0144,0.0278,0.0333,40651,0,4297853,0.0,p215,77dc2c037691a0bb,37935142,4314885,8.79,0,-1
flat,-,W5,4194304,300,64,0,1,1.4591,1.7772,3.3287,4.0911,1261496565,9600,269647951,0.0,p215,77dc2c037691a0bb,273861114,269645895,1.02,0,-1
chunked,65536K,W5,4194304,300,64,0,1,0.0087,0.0220,0.0365,0.0553,40651,0,4665856,0.0,p215,77dc2c037691a0bb,273861114,4676776,58.56,0,-1
flat,-,W1,16777216,300,1,0,1,6.4632,7.4098,8.6677,12.0635,5033402995,9600,16778533,0.0,p215,3c878bd7cf1af95b,33556986,16778493,2.00,0,-1
chunked,65536K,W1,16777216,300,1,0,1,0.0174,0.0247,0.0473,2.2319,3995,0,16804659,0.0,p215,3c878bd7cf1af95b,33556986,16820395,2.00,0,-1
flat,-,W1,16777216,300,8,0,1,6.1994,7.9916,13.8934,28.1070,5033402995,9600,134228171,0.0,p215,3c878bd7cf1af95b,151006400,134227907,1.13,0,-1
chunked,65536K,W1,16777216,300,8,0,1,0.0175,0.0261,0.0593,0.2060,3995,0,16890115,0.0,p215,3c878bd7cf1af95b,151006400,16905115,8.93,0,-1
flat,-,W1,16777216,300,64,0,1,6.1725,9.9786,17.2284,35.8730,5033402995,9600,1073820402,0.0,p215,3c878bd7cf1af95b,1090596839,1073818346,1.02,0,-1
chunked,65536K,W1,16777216,300,64,0,1,0.0222,0.0355,0.0664,0.1378,3995,0,17525027,0.0,p215,3c878bd7cf1af95b,1090596839,17534459,62.20,0,-1
flat,-,W5,16777216,300,1,0,1,5.9252,7.2205,16.1952,19.8812,5036370165,9600,16798171,0.0,p215,df259cc66b276530,33596262,16798131,2.00,0,-1
chunked,65536K,W5,16777216,300,1,0,1,0.0151,0.0246,0.0369,0.0436,40651,0,16838557,0.0,p215,df259cc66b276530,33596262,16856277,1.99,0,-1
flat,-,W5,16777216,300,8,0,1,9.4918,27.0495,51.0025,91.2417,5036370165,9600,134383483,0.0,p215,df259cc66b276530,151181350,134383219,1.13,0,-1
chunked,65536K,W5,16777216,300,8,0,1,0.0185,0.0281,0.0576,2.1459,40651,0,16909949,0.0,p215,df259cc66b276530,151181350,16926981,8.93,0,-1
flat,-,W5,16777216,300,64,0,1,6.8068,11.5681,27.0913,44.6109,5036370165,9600,1074954319,0.0,p215,df259cc66b276530,1091750394,1074952263,1.02,0,-1
chunked,65536K,W5,16777216,300,64,0,1,0.0206,0.0359,0.0789,0.3354,40651,0,17449984,0.0,p215,df259cc66b276530,1091750394,17460904,62.53,0,-1
chunked,65536K,W5,268435456,20,8,0,1,0.0987,0.1818,0.1898,0.1898,2682,0,269066130,0.0,p215,d732d9a40962fb05,2415929333,269066282,8.98,0,-1
chunked,262144K,W5,268435456,20,8,0,1,0.0372,0.0600,0.0650,0.0650,2682,0,268599186,0.0,p215,d732d9a40962fb05,2415929333,268599338,8.99,0,-1
chunked,65536K,W3,268435456,12,8,0,1,0.1398,0.1511,0.1518,0.1518,12,0,269061348,0.0,p215,321697d3473ba430,2415919184,269061100,8.98,0,-1
chunked,262144K,W3,268435456,12,8,0,1,0.0415,0.0441,0.0586,0.0586,12,0,268594404,0.0,p215,321697d3473ba430,2415919184,268594156,8.99,0,-1
flat,-,W5,268435456,10,1,0,1,87.2488,92.5621,92.5621,92.5621,2684358066,320,268436293,0.0,p215,16d5c11689355fb5,536872506,268436253,2.00,0,-1
chunked,65536K,W5,1073741824,20,8,0,1,0.3662,0.6957,2.0492,2.0492,2682,0,1076240274,0.0,p215,d73afbefd933985f,9663686645,1076240426,8.98,0,-1
chunked,262144K,W5,1073741824,20,8,0,1,0.0962,0.1410,0.1648,0.1648,2682,0,1074372498,0.0,p215,d73afbefd933985f,9663686645,1074372650,8.99,0,-1
chunked,65536K,W3,1073741824,12,8,0,1,0.4584,0.4955,0.8242,0.8242,12,0,1076235492,0.0,p215,d9856c92ca0c4780,9663676496,1076235244,8.98,0,-1
chunked,262144K,W3,1073741824,12,8,0,1,0.1128,0.1315,0.1533,0.1533,12,0,1074367716,0.0,p215,d9856c92ca0c4780,9663676496,1074367468,8.99,0,-1
flat,-,W5,1073741824,10,1,0,1,631.8387,929.2365,929.2365,929.2365,10737421746,320,1073742661,0.0,p215,1645db86315ebcbc,2147485242,1073742621,2.00,0,-1
flat,-,W5,10485760,100,16,1,1,7.1356,10.7877,16.0404,16.0404,1048939096,3200,167885990,520.3,p215,e7692931217ff072,178378792,167885470,1.06,0,-1
chunked,65536K,W5,10485760,100,16,1,1,0.0121,0.0193,0.0319,0.0319,14397,0,10585775,520.3,p215,e7692931217ff072,178378792,10589559,16.84,0,-1
flat,-,W5,10485760,100,16,2,1,4.3707,5.9254,8.0504,8.0504,1048939096,3200,167885990,880.6,p215,e7692931217ff072,178378792,167885470,1.06,0,-1
chunked,65536K,W5,10485760,100,16,2,1,0.0095,0.0164,0.1005,0.1005,14397,0,10585775,480.3,p215,e7692931217ff072,178378792,10589559,16.84,0,-1
flat,-,W5,10485760,100,16,4,1,8.4172,15.9651,31.6627,31.6627,1048939096,3200,167885990,1881.3,p215,e7692931217ff072,178378792,167885470,1.06,0,-1
chunked,65536K,W5,10485760,100,16,4,1,0.0133,0.0194,0.2312,0.2312,14397,0,10585775,1921.3,p215,e7692931217ff072,178378792,10589559,16.84,0,-1
flat,-,W5,10485760,100,16,8,1,4.9295,6.8492,14.0058,14.0058,1048939096,3200,167885990,4002.7,p215,e7692931217ff072,178378792,167885470,1.06,0,-1
chunked,65536K,W5,10485760,100,16,8,1,0.0087,0.0157,0.0195,0.0195,14397,0,10585775,1881.3,p215,e7692931217ff072,178378792,10589559,16.84,0,-1
flat,-,W5,10485760,100,16,16,1,4.5680,6.5984,9.8978,9.8978,1048939096,3200,167885990,5083.5,p215,e7692931217ff072,178378792,167885470,1.06,0,-1
chunked,65536K,W5,10485760,100,16,16,1,0.0086,0.0154,0.0217,0.0217,14397,0,10585775,6924.7,p215,e7692931217ff072,178378792,10589559,16.84,0,-1
flat,-,W5,10485760,100,16,32,1,3.5085,3.9197,4.4532,4.4532,1048939096,3200,167885990,8966.1,p215,e7692931217ff072,178378792,167885470,1.06,0,-1
chunked,65536K,W5,10485760,100,16,32,1,0.0080,0.0149,0.0217,0.0217,14397,0,10585775,9246.3,p215,e7692931217ff072,178378792,10589559,16.84,0,-1
chunked,65536K,W6,16777216,150,8,0,1,0.0059,0.0200,0.1792,0.1817,150,0,16839582,0.0,p215,444725c2218af158,150996266,16848230,8.96,0,-1
flat,-,W6,16777216,150,8,0,1,7.8484,12.1543,19.8515,23.7489,2516593725,4800,134219164,0.0,p215,444725c2218af158,150996266,134218900,1.13,0,-1
chunked,65536K,W6,16777216,150,8,0,1,0.0161,0.0229,0.0489,0.0490,150,0,16839582,0.0,p215,b506fdca674c88a2,150996266,16848230,8.96,0,-1
flat,-,W6,16777216,150,8,0,1,10.7823,32.5591,44.5105,44.7879,2516593725,4800,134219164,0.0,p215,b506fdca674c88a2,150996266,134218900,1.13,0,-1
chunked,65536K,W6,16777216,150,8,0,1,0.0158,0.0226,0.0471,0.3000,150,0,16858206,0.0,p215,45604496a241a622,150996266,16864582,8.95,0,-1
flat,-,W6,16777216,150,8,0,1,7.1116,8.8113,11.5043,14.0022,2516593725,4800,134219164,0.0,p215,45604496a241a622,150996266,134218900,1.13,0,-1
chunked,65536K,W6,16777216,150,8,0,1,0.0156,0.0221,0.0352,0.0600,150,0,16858206,0.0,p215,fd2ed77a8f91b49e,150996266,16864582,8.95,0,-1
flat,-,W6,16777216,150,8,0,1,8.8821,22.8998,45.8320,50.9169,2516593725,4800,134219164,0.0,p215,fd2ed77a8f91b49e,150996266,134218900,1.13,0,-1
chunked,65536K,W6,16777216,150,8,0,1,0.0051,0.0155,0.0537,0.2784,1200,0,16840632,0.0,p215,7d65cb35733d83d4,151005520,16849280,8.96,0,-1
flat,-,W6,16777216,150,8,0,1,15.1666,24.5521,45.9299,54.7933,2516673000,4800,134227368,0.0,p215,7d65cb35733d83d4,151005520,134227104,1.13,0,-1
chunked,65536K,W6,16777216,150,8,0,1,0.0180,0.0255,0.0548,0.0565,1200,0,16859128,0.0,p215,ee15ef26aeb20a24,151005520,16865520,8.95,0,-1
flat,-,W6,16777216,150,8,0,1,11.6166,17.4082,29.4921,32.6667,2516673000,4800,134227368,0.0,p215,ee15ef26aeb20a24,151005520,134227104,1.13,0,-1
chunked,65536K,W6,16777216,150,8,0,1,0.0182,0.0259,0.0575,0.1551,1200,0,16859256,0.0,p215,9da67b186d5fb124,151005520,16865632,8.95,0,-1
flat,-,W6,16777216,150,8,0,1,6.2537,8.3724,9.9492,9.9896,2516673000,4800,134227368,0.0,p215,9da67b186d5fb124,151005520,134227104,1.13,0,-1
chunked,65536K,W6,16777216,150,8,0,1,0.0140,0.0220,0.0423,0.0479,1200,0,16858744,0.0,p215,a15504525c5c90ac,151005520,16865184,8.95,0,-1
flat,-,W6,16777216,150,8,0,1,6.6189,9.5131,12.4329,13.0476,2516673000,4800,134227368,0.0,p215,a15504525c5c90ac,151005520,134227104,1.13,0,-1
chunked,65536K,W6,16777216,150,8,0,1,0.0053,0.0169,0.0800,0.1083,1200,0,16840632,0.0,p215,7d65cb35733d83d4,151005520,16849280,8.96,0,-1
flat,-,W6,16777216,150,8,0,1,8.3713,12.6555,23.0316,25.0141,2516673000,4800,134227368,0.0,p215,7d65cb35733d83d4,151005520,134227104,1.13,0,-1
chunked,65536K,W6,16777216,150,8,0,1,0.0173,0.0272,0.0950,0.2043,1200,0,16859128,0.0,p215,ee15ef26aeb20a24,151005520,16865520,8.95,0,-1
flat,-,W6,16777216,150,8,0,1,11.2508,20.5375,40.6244,53.0062,2516673000,4800,134227368,0.0,p215,ee15ef26aeb20a24,151005520,134227104,1.13,0,-1
chunked,65536K,W6,16777216,150,8,0,1,0.0172,0.0246,0.0449,0.0688,1200,0,16859256,0.0,p215,9da67b186d5fb124,151005520,16865632,8.95,0,-1
flat,-,W6,16777216,150,8,0,1,8.0519,19.5775,26.1636,26.8290,2516673000,4800,134227368,0.0,p215,9da67b186d5fb124,151005520,134227104,1.13,0,-1
chunked,65536K,W6,16777216,150,8,0,1,0.0177,0.0271,0.0478,0.1249,1200,0,16858744,0.0,p215,a15504525c5c90ac,151005520,16865184,8.95,0,-1
flat,-,W6,16777216,150,8,0,1,5.9402,7.0974,11.5213,12.1158,2516673000,4800,134227368,0.0,p215,a15504525c5c90ac,151005520,134227104,1.13,0,-1
chunked,65536K,W6,16777216,150,8,0,1,0.0060,0.0159,0.0296,0.0362,1200,0,16840632,0.0,p215,7d65cb35733d83d4,151005520,16849280,8.96,0,-1
flat,-,W6,16777216,150,8,0,1,7.7000,13.5890,25.1410,25.3633,2516673000,4800,134227368,0.0,p215,7d65cb35733d83d4,151005520,134227104,1.13,0,-1
chunked,65536K,W6,16777216,150,8,0,1,0.0121,0.0227,0.0951,0.2965,1200,0,16859128,0.0,p215,ee15ef26aeb20a24,151005520,16865520,8.95,0,-1
flat,-,W6,16777216,150,8,0,1,6.7680,10.3866,13.5904,14.1637,2516673000,4800,134227368,0.0,p215,ee15ef26aeb20a24,151005520,134227104,1.13,0,-1
chunked,65536K,W6,16777216,150,8,0,1,0.0131,0.0192,0.0275,0.0296,1200,0,16859256,0.0,p215,9da67b186d5fb124,151005520,16865632,8.95,0,-1
flat,-,W6,16777216,150,8,0,1,6.8457,13.7280,21.0116,24.5627,2516673000,4800,134227368,0.0,p215,9da67b186d5fb124,151005520,134227104,1.13,0,-1
chunked,65536K,W6,16777216,150,8,0,1,0.0165,0.0274,0.2254,0.2560,1200,0,16858744,0.0,p215,a15504525c5c90ac,151005520,16865184,8.95,0,-1
flat,-,W6,16777216,150,8,0,1,7.2033,9.6779,18.3914,18.4952,2516673000,4800,134227368,0.0,p215,a15504525c5c90ac,151005520,134227104,1.13,0,-1
chunked,65536K,W6,16777216,150,8,0,1,0.0057,0.0148,0.0229,0.0240,1200,0,16840632,0.0,p215,7d65cb35733d83d4,151005520,16849280,8.96,0,-1
flat,-,W6,16777216,150,8,0,1,6.5639,7.7402,9.4996,10.3150,2516673000,4800,134227368,0.0,p215,7d65cb35733d83d4,151005520,134227104,1.13,0,-1
chunked,65536K,W6,16777216,150,8,0,1,0.0141,0.0209,0.0258,0.0260,1200,0,16859128,0.0,p215,ee15ef26aeb20a24,151005520,16865520,8.95,0,-1
flat,-,W6,16777216,150,8,0,1,7.1532,10.7431,18.2406,22.2664,2516673000,4800,134227368,0.0,p215,ee15ef26aeb20a24,151005520,134227104,1.13,0,-1
chunked,65536K,W6,16777216,150,8,0,1,0.0153,0.0238,0.0597,0.8995,1200,0,16859256,0.0,p215,9da67b186d5fb124,151005520,16865632,8.95,0,-1
flat,-,W6,16777216,150,8,0,1,7.1910,9.1161,11.4918,12.2977,2516673000,4800,134227368,0.0,p215,9da67b186d5fb124,151005520,134227104,1.13,0,-1
chunked,65536K,W6,16777216,150,8,0,1,0.0174,0.0247,0.0554,0.0661,1200,0,16858744,0.0,p215,a15504525c5c90ac,151005520,16865184,8.95,0,-1
flat,-,W6,16777216,150,8,0,1,8.8971,16.7539,19.9067,20.7170,2516673000,4800,134227368,0.0,p215,a15504525c5c90ac,151005520,134227104,1.13,0,-1
chunked,65536K,W6,16777216,150,8,0,1,0.0056,0.0138,0.0307,0.0413,1200,0,16840632,0.0,p215,7d65cb35733d83d4,151005520,16849280,8.96,0,-1
flat,-,W6,16777216,150,8,0,1,6.0395,7.0248,9.8433,10.8387,2516673000,4800,134227368,0.0,p215,7d65cb35733d83d4,151005520,134227104,1.13,0,-1
chunked,65536K,W6,16777216,150,8,0,1,0.0166,0.0267,0.4108,0.7650,1200,0,16859128,0.0,p215,ee15ef26aeb20a24,151005520,16865520,8.95,0,-1
flat,-,W6,16777216,150,8,0,1,7.3774,12.8620,18.9907,20.1291,2516673000,4800,134227368,0.0,p215,ee15ef26aeb20a24,151005520,134227104,1.13,0,-1
chunked,65536K,W6,16777216,150,8,0,1,0.0164,0.0244,0.2258,3.4895,1200,0,16859256,0.0,p215,9da67b186d5fb124,151005520,16865632,8.95,0,-1
flat,-,W6,16777216,150,8,0,1,20.8515,33.0099,60.9447,67.3512,2516673000,4800,134227368,0.0,p215,9da67b186d5fb124,151005520,134227104,1.13,0,-1
chunked,65536K,W6,16777216,150,8,0,1,0.0167,0.0278,0.0601,0.6875,1200,0,16858744,0.0,p215,a15504525c5c90ac,151005520,16865184,8.95,0,-1
flat,-,W6,16777216,150,8,0,1,9.5351,18.0848,37.0260,40.6033,2516673000,4800,134227368,0.0,p215,a15504525c5c90ac,151005520,134227104,1.13,0,-1
chunked,65536K,W1,10485760,300,16,0,1,0.0192,0.0320,0.2677,9.5588,3995,0,10668019,0.0,p215,a54a8354d51c14b2,178279800,10682203,16.69,0,-1
chunked,65536K,W1,10485760,300,16,0,1,0.0409,0.0752,0.4974,2.8629,6982777,0,17591014,0.0,p215,a54a8354d51c14b2,178279800,17608366,10.12,0,-1
chunked,65536K,W1,10485760,300,16,0,1,0.0101,0.0145,0.0247,0.0577,3995,0,10689000,0.0,p215,a54a8354d51c14b2,178279800,10710576,16.65,901253,-1
chunked,65536K,W1,10485760,300,16,0,1,0.0098,0.0147,0.0368,0.2058,3995,0,10822805,0.0,p215,a54a8354d51c14b2,178279800,10842317,16.44,643284,-1
chunked,65536K,W1,10485760,300,16,0,1,0.0119,0.0203,0.0415,0.1061,3995,0,11295551,0.0,p215,a54a8354d51c14b2,178279800,11309687,15.76,616588,-1
chunked,65536K,W1,10485760,300,16,0,1,0.0121,0.0189,0.0329,0.3959,3995,0,10668019,0.0,p215,a54a8354d51c14b2,178279800,10682203,16.69,0,-1
chunked,65536K,W1,1048576,300,128,0,1,0.0090,0.0167,0.0292,0.0319,3995,0,1921443,0.0,p215,c527403b08c3e836,135410501,1924315,70.37,0,1
flat,-,W1,1048576,300,128,0,1,0.3824,0.4309,0.5203,0.7338,314810995,9600,134364752,0.0,p215,c527403b08c3e836,135410501,134360648,1.01,0,1
chunked,65536K,W1,1048576,300,1,0,1,0.0052,0.0091,0.0206,0.0318,3995,0,1066419,0.0,p215,c527403b08c3e836,2099706,1082155,1.94,0,-1
flat,-,W1,1048576,300,1,0,1,0.3941,0.4628,0.6268,0.9472,314810995,9600,1049893,0.0,p215,c527403b08c3e836,2099706,1049853,2.00,0,-1
chunked,65536K,W1,1048576,300,4,0,1,0.0057,0.0097,0.0239,0.0255,3995,0,1091667,0.0,p215,c527403b08c3e836,5249241,1107083,4.74,0,-1
flat,-,W1,1048576,300,4,0,1,0.4040,0.4651,0.6060,0.6483,314810995,9600,4199524,0.0,p215,c527403b08c3e836,5249241,4199388,1.25,0,-1
chunked,65536K,W1,1048576,300,8,0,1,0.0058,0.0132,0.0305,0.0659,3995,0,1124995,0.0,p215,c527403b08c3e836,9448640,1139995,8.29,0,-1
flat,-,W1,1048576,300,8,0,1,0.4715,0.6150,1.8521,3.3845,314810995,9600,8399051,0.0,p215,c527403b08c3e836,9448640,8398787,1.13,0,-1
chunked,65536K,W1,1048576,300,16,0,1,0.0065,0.0152,0.0423,0.7837,3995,0,1190515,0.0,p215,c527403b08c3e836,17847672,1204699,14.82,0,-1
flat,-,W1,1048576,300,16,0,1,0.4961,0.9886,2.7153,3.3205,314810995,9600,16798339,0.0,p215,c527403b08c3e836,17847672,16797819,1.06,0,-1
chunked,65536K,W1,1048576,300,32,0,1,0.0070,0.0175,0.0299,0.2274,3995,0,1316051,0.0,p215,c527403b08c3e836,34645187,1328651,26.08,0,-1
flat,-,W1,1048576,300,32,0,1,0.5027,1.2065,3.4046,3.8887,314810995,9600,33596366,0.0,p215,c527403b08c3e836,34645187,33595334,1.03,0,-1
chunked,65536K,W1,1048576,300,64,0,1,0.0087,0.0204,0.0371,0.0457,3995,0,1544867,0.0,p215,c527403b08c3e836,68235239,1554299,43.90,0,-1
flat,-,W1,1048576,300,64,0,1,0.5180,0.7768,1.5563,3.0379,314810995,9600,67187442,0.0,p215,c527403b08c3e836,68235239,67185386,1.02,0,-1
chunked,65536K,W1,1048576,300,128,0,1,0.0101,0.0233,0.0779,2.4978,3995,0,1921443,0.0,p215,c527403b08c3e836,135410501,1924315,70.37,0,-1
flat,-,W1,1048576,300,128,0,1,0.5025,3.9859,6.6652,7.5671,314810995,9600,134364752,0.0,p215,c527403b08c3e836,135410501,134360648,1.01,0,-1
